Width,Height,Elapsed Time (s)
10,10,0.185487
20,20,0.198050
100,100,0.138354
1000,1000,0.160969
10000,10000,1.451336
