Width,Height,Generations,Elapsed Time (s)
10,10,100,0.095320
20,20,100,0.055339
100,100,100,0.057038
1000,1000,100,0.058225
10000,10000,100,0.528983
